time,height
0.1,0.0519
0.2,0.1557
0.3,0.3114
0.4,0.519
0.5,0.7785
0.6,1.0899
0.7,1.4532
0.8,1.8684
0.9,2.3355
1,2.8545
1.1,3.4254
1.2,4.0482
1.3,4.7229
1.4,5.4495
1.5,6.228
1.6,7.0584
1.7,7.9407
1.8,8.8749
1.9,9.861
2,10.899
2.1,11.9889
2.2,13.1307
2.3,14.3244
2.4,15.57
2.5,16.8675
2.6,18.2169
2.7,19.6182
2.8,21.0714
2.9,22.5765
3,24.1335
3.1,25.7424
3.2,27.4032
3.3,29.1159
3.4,30.8805
3.5,32.697
3.6,34.5654
3.7,36.4857
3.8,38.4579
3.9,40.482
4,42.558
4.1,44.6859
4.2,46.8657
4.3,49.0974
4.4,51.381
4.5,53.7165
4.6,56.1039
4.7,58.5432
4.8,61.0344
4.9,63.5775
5,66.1725
5.1,68.8194
5.2,71.5182
5.3,74.2689
5.4,77.0715
5.5,79.926
5.6,82.8324
5.7,85.7907
5.8,88.8009
5.9,91.863
6,94.977
6.1,98.1429
6.2,101.361
6.3,104.63
6.4,107.952
6.5,111.325
6.6,114.751
6.7,118.228
6.8,121.757
6.9,125.338
7,128.971
7.1,132.656
7.2,136.393
7.3,140.182
7.4,144.022
7.5,147.915
7.6,151.859
7.7,155.856
7.8,159.904
7.9,164.004
8,168.156
8.1,172.36
8.2,176.616
8.3,180.923
8.4,185.283
8.5,189.694
8.6,194.158
8.7,198.673
8.8,203.24
8.9,207.859
9,212.53
9.1,217.253
9.2,222.028
9.3,226.855
9.4,231.733
9.5,236.664
9.6,241.646
9.7,246.681
9.8,251.767
9.9,256.905
10,262.095
10.1,267.337
10.2,272.631
10.3,277.976
10.4,283.374
10.5,288.823
10.6,294.325
10.7,299.878
10.8,305.483
10.9,311.14
11,316.849
11.1,322.61
11.2,328.423
11.3,334.288
11.4,340.204
11.5,346.173
11.6,352.193
11.7,358.266
11.8,364.39
11.9,370.566
12,376.794
12.1,383.074
12.2,389.406
12.3,395.789
12.4,402.225
12.5,408.712
12.6,415.252
12.7,421.843
12.8,428.486
12.9,435.181
13,441.928
13.1,448.727
13.2,455.578
13.3,462.481
13.4,469.435
13.5,476.442
13.6,483.5
13.7,490.611
13.8,497.773
13.9,504.987
14,512.253
14.1,519.571
14.2,526.941
14.3,534.362
14.4,541.836
14.5,549.361
14.6,556.939
14.7,564.568
14.8,572.249
14.9,579.982
15,587.767
15.1,595.604
15.2,603.493
15.3,611.434
15.4,619.426
15.5,627.471
15.6,635.567
15.7,643.716
15.8,651.916
15.9,660.168
16,668.472
16.1,676.828
16.2,685.236
16.3,693.695
16.4,702.207
16.5,710.77
16.6,719.386
16.7,728.053
16.8,736.772
16.9,745.543
17,754.366
17.1,763.241
17.2,772.168
17.3,781.147
17.4,790.177
17.5,799.26
17.6,808.394
17.7,817.581
17.8,826.819
17.9,836.109
18,845.451
18.1,854.845
18.2,864.291
18.3,873.788
18.4,883.338
18.5,892.939
18.6,902.593
18.7,912.298
18.8,922.055
18.9,931.864
19,941.725
19.1,951.638
19.2,961.603
19.3,971.62
19.4,981.688
19.5,991.809
19.6,1001.98
19.7,1012.21
19.8,1022.48
19.9,1032.81
20,1043.19
20.1,1053.62
20.2,1064.11
20.3,1074.64
20.4,1085.23
20.5,1095.87
20.6,1106.56
20.7,1117.3
20.8,1128.1
20.9,1138.95
21,1149.84
21.1,1160.8
21.2,1171.8
21.3,1182.85
21.4,1193.96
21.5,1205.12
21.6,1216.33
21.7,1227.59
21.8,1238.9
21.9,1250.27
22,1261.69
22.1,1273.16
22.2,1284.68
22.3,1296.25
22.4,1307.88
22.5,1319.56
22.6,1331.29
22.7,1343.07
22.8,1354.9
22.9,1366.79
23,1378.72
23.1,1390.71
23.2,1402.75
23.3,1414.85
23.4,1426.99
23.5,1439.19
23.6,1451.44
23.7,1463.74
23.8,1476.09
23.9,1488.49
24,1500.95
24.1,1513.46
24.2,1526.02
24.3,1538.63
24.4,1551.29
24.5,1564.01
24.6,1576.77
24.7,1589.59
24.8,1602.46
24.9,1615.39
25,1628.36
25.1,1641.39
25.2,1654.47
25.3,1667.6
25.4,1680.78
25.5,1694.02
25.6,1707.3
25.7,1720.64
25.8,1734.03
25.9,1747.47
26,1760.97
26.1,1774.51
26.2,1788.11
26.3,1801.76
26.4,1815.46
26.5,1829.22
26.6,1843.02
26.7,1856.88
26.8,1870.79
26.9,1884.75
27,1898.76
27.1,1912.83
27.2,1926.94
27.3,1941.11
27.4,1955.33
27.5,1969.61
27.6,1983.93
27.7,1998.31
27.8,2012.73
27.9,2027.21
28,2041.75
28.1,2056.33
28.2,2070.97
28.3,2085.65
28.4,2100.39
28.5,2115.18
28.6,2130.03
28.7,2144.92
28.8,2159.87
28.9,2174.87
29,2189.92
29.1,2205.02
29.2,2220.18
29.3,2235.38
29.4,2250.64
29.5,2265.95
29.6,2281.32
29.7,2296.73
29.8,2312.2
29.9,2327.72
30,2343.29
30.1,2358.91
30.2,2374.58
30.3,2390.31
30.4,2406.08
30.5,2421.91
30.6,2437.79
30.7,2453.73
30.8,2469.71
30.9,2485.75
31,2501.84
31.1,2517.98
31.2,2534.17
31.3,2550.42
31.4,2566.71
31.5,2583.06
31.6,2599.46
31.7,2615.92
31.8,2632.42
31.9,2648.98
32,2665.58
32.1,2682.24
32.2,2698.96
32.3,2715.72
32.4,2732.54
32.5,2749.4
32.6,2766.32
32.7,2783.29
32.8,2800.32
32.9,2817.39
33,2834.52
33.1,2851.7
33.2,2868.93
33.3,2886.21
33.4,2903.55
33.5,2920.93
33.6,2938.37
33.7,2955.86
33.8,2973.4
33.9,2991
34,3008.64
34.1,3026.34
34.2,3044.09
34.3,3061.89
34.4,3079.75
34.5,3097.65
34.6,3115.61
34.7,3133.62
34.8,3151.68
34.9,3169.79
35,3187.96
35.1,3206.17
35.2,3224.44
35.3,3242.76
35.4,3261.14
35.5,3279.56
35.6,3298.04
35.7,3316.57
35.8,3335.15
35.9,3353.78
36,3372.46
36.1,3391.2
36.2,3409.99
36.3,3428.83
36.4,3447.72
36.5,3466.66
36.6,3485.66
36.7,3504.7
36.8,3523.8
36.9,3542.95
37,3562.16
37.1,3581.41
37.2,3600.72
37.3,3620.08
37.4,3639.49
37.5,3658.95
37.6,3678.46
37.7,3698.03
37.8,3717.65
37.9,3737.32
38,3757.04
38.1,3776.81
38.2,3796.64
38.3,3816.52
38.4,3836.45
38.5,3856.43
38.6,3876.46
38.7,3896.55
38.8,3916.69
38.9,3936.87
39,3957.12
39.1,3977.41
39.2,3997.75
39.3,4018.15
39.4,4038.6
39.5,4059.1
39.6,4079.65
39.7,4100.26
39.8,4120.91
39.9,4141.62
40,4162.38
40.1,4183.19
40.2,4204.06
40.3,4224.97
40.4,4245.94
40.5,4266.96
40.6,4288.03
40.7,4309.15
40.8,4330.33
40.9,4351.56
41,4372.83
41.1,4394.17
41.2,4415.55
41.3,4436.98
41.4,4458.47
41.5,4480.01
41.6,4501.6
41.7,4523.24
41.8,4544.93
41.9,4566.68
42,4588.48
42.1,4610.33
42.2,4632.23
42.3,4654.18
42.4,4676.19
42.5,4698.25
42.6,4720.36
42.7,4742.52
42.8,4764.73
42.9,4787
43,4809.31
43.1,4831.68
43.2,4854.1
43.3,4876.58
43.4,4899.1
43.5,4921.68
43.6,4944.31
43.7,4966.99
43.8,4989.72
43.9,5012.5
44,5035.34
44.1,5058.23
44.2,5081.17
44.3,5104.16
44.4,5127.2
44.5,5150.3
44.6,5173.44
44.7,5196.64
44.8,5219.89
44.9,5243.2
45,5266.55
45.1,5289.96
45.2,5313.42
45.3,5336.93
45.4,5360.49
45.5,5384.11
45.6,5407.77
45.7,5431.49
45.8,5455.26
45.9,5479.08
46,5502.96
46.1,5526.88
46.2,5550.86
46.3,5574.89
46.4,5598.97
46.5,5623.11
46.6,5647.29
46.7,5671.53
46.8,5695.82
46.9,5720.16
47,5744.55
47.1,5769
47.2,5793.49
47.3,5818.04
47.4,5842.64
47.5,5867.3
47.6,5892
47.7,5916.76
47.8,5941.56
47.9,5966.42
48,5991.34
48.1,6016.3
48.2,6041.32
48.3,6066.38
48.4,6091.5
48.5,6116.67
48.6,6141.9
48.7,6167.17
48.8,6192.5
48.9,6217.88
49,6243.31
49.1,6268.79
49.2,6294.33
49.3,6319.91
49.4,6345.55
49.5,6371.24
49.6,6396.99
49.7,6422.78
49.8,6448.63
49.9,6474.53
50,6500.48
50.1,6526.48
50.2,6552.53
50.3,6578.64
50.4,6604.79
50.5,6631
50.6,6657.26
50.7,6683.58
50.8,6709.94
50.9,6736.36
51,6762.83
51.1,6789.35
51.2,6815.92
51.3,6842.55
51.4,6869.22
51.5,6895.95
51.6,6922.73
51.7,6949.57
51.8,6976.45
51.9,7003.39
52,7030.37
52.1,7057.41
52.2,7084.51
52.3,7111.65
52.4,7138.85
52.5,7166.09
52.6,7193.39
52.7,7220.74
52.8,7248.15
52.9,7275.6
53,7303.11
53.1,7330.67
53.2,7358.28
53.3,7385.94
53.4,7413.66
53.5,7441.42
53.6,7469.24
53.7,7497.11
53.8,7525.03
53.9,7553.01
54,7581.03
54.1,7609.11
54.2,7637.24
54.3,7665.42
54.4,7693.66
54.5,7721.94
54.6,7750.28
54.7,7778.67
54.8,7807.11
54.9,7835.6
55,7864.15
55.1,7892.74
55.2,7921.39
55.3,7950.09
55.4,7978.85
55.5,8007.65
55.6,8036.51
55.7,8065.42
55.8,8094.38
55.9,8123.39
56,8152.45
56.1,8181.57
56.2,8210.74
56.3,8239.96
56.4,8269.23
56.5,8298.55
56.6,8327.93
56.7,8357.35
56.8,8386.83
56.9,8416.36
57,8445.95
57.1,8475.58
57.2,8505.27
57.3,8535.01
57.4,8564.8
57.5,8594.64
57.6,8624.53
57.7,8654.48
57.8,8684.48
57.9,8714.53
58,8744.63
58.1,8774.78
58.2,8804.99
58.3,8835.25
58.4,8865.56
58.5,8895.92
58.6,8926.33
58.7,8956.8
58.8,8987.32
58.9,9017.88
59,9048.51
59.1,9079.18
59.2,9109.9
59.3,9140.68
59.4,9171.51
59.5,9202.39
59.6,9233.32
59.7,9264.31
59.8,9295.34
59.9,9326.43
60,9357.57
60.1,9388.76
60.2,9420.01
60.3,9451.3
60.4,9482.65
60.5,9514.05
60.6,9545.5
60.7,9577
60.8,9608.56
60.9,9640.17
61,9671.82
61.1,9703.54
61.2,9735.3
61.3,9767.11
61.4,9798.98
61.5,9830.9
61.6,9862.87
61.7,9894.89
61.8,9926.96
61.9,9959.09
62,9991.27
62.1,10023.5
62.2,10055.8
62.3,10088.1
62.4,10120.5
62.5,10152.9
62.6,10185.4
62.7,10218
62.8,10250.6
62.9,10283.2
63,10315.9
63.1,10348.7
63.2,10381.5
63.3,10414.3
63.4,10447.2
63.5,10480.2
63.6,10513.2
63.7,10546.2
63.8,10579.3
63.9,10612.5
64,10645.7
64.1,10679
64.2,10712.3
64.3,10745.7
64.4,10779.1
64.5,10812.6
64.6,10846.1
64.7,10879.7
64.8,10913.3
64.9,10947
65,10980.7
65.1,11014.5
65.2,11048.4
65.3,11082.3
65.4,11116.2
65.5,11150.2
65.6,11184.2
65.7,11218.3
65.8,11252.5
65.9,11286.7
66,11320.9
66.1,11355.3
66.2,11389.6
66.3,11424
66.4,11458.5
66.5,11493
66.6,11527.6
66.7,11562.2
66.8,11596.8
66.9,11631.6
67,11666.3
67.1,11701.2
67.2,11736
67.3,11771
67.4,11806
67.5,11841
67.6,11876.1
67.7,11911.2
67.8,11946.4
67.9,11981.6
68,12016.9
68.1,12052.3
68.2,12087.7
68.3,12123.1
68.4,12158.6
68.5,12194.2
68.6,12229.8
68.7,12265.4
68.8,12301.1
68.9,12336.9
69,12372.7
69.1,12408.6
69.2,12444.5
69.3,12480.4
69.4,12516.5
69.5,12552.5
69.6,12588.7
69.7,12624.8
69.8,12661.1
69.9,12697.3
70,12733.7
70.1,12770
70.2,12806.5
70.3,12843
70.4,12879.5
70.5,12916.1
70.6,12952.7
70.7,12989.4
70.8,13026.2
70.9,13063
71,13099.8
71.1,13136.7
71.2,13173.7
71.3,13210.7
71.4,13247.7
71.5,13284.8
71.6,13322
71.7,13359.2
71.8,13396.5
71.9,13433.8
72,13471.2
72.1,13508.6
72.2,13546.1
72.3,13583.6
72.4,13621.2
72.5,13658.8
72.6,13696.5
72.7,13734.2
72.8,13772
72.9,13809.8
73,13847.7
73.1,13885.6
73.2,13923.6
73.3,13961.7
73.4,13999.8
73.5,14037.9
73.6,14076.1
73.7,14114.4
73.8,14152.7
73.9,14191
74,14229.4
74.1,14267.9
74.2,14306.4
74.3,14345
74.4,14383.6
74.5,14422.2
74.6,14460.9
74.7,14499.7
74.8,14538.5
74.9,14577.4
75,14616.3
75.1,14655.3
75.2,14694.3
75.3,14733.4
75.4,14772.6
75.5,14811.7
75.6,14851
75.7,14890.3
75.8,14929.6
75.9,14969
76,15008.4
76.1,15047.9
76.2,15087.5
76.3,15127.1
76.4,15166.7
76.5,15206.4
76.6,15246.2
76.7,15286
76.8,15325.9
76.9,15365.8
77,15405.7
77.1,15445.8
77.2,15485.8
77.3,15525.9
77.4,15566.1
77.5,15606.3
77.6,15646.6
77.7,15686.9
77.8,15727.3
77.9,15767.7
78,15808.2
78.1,15848.8
78.2,15889.3
78.3,15930
78.4,15970.7
78.5,16011.4
78.6,16052.2
78.7,16093
78.8,16133.9
78.9,16174.9
79,16215.9
79.1,16256.9
79.2,16298.1
79.3,16339.2
79.4,16380.4
79.5,16421.7
79.6,16463
79.7,16504.4
79.8,16545.8
79.9,16587.2
80,16628.8
80.1,16670.3
80.2,16712
80.3,16753.6
80.4,16795.4
80.5,16837.1
80.6,16879
80.7,16920.9
80.8,16962.8
80.9,17004.8
81,17046.8
81.1,17088.9
81.2,17131
81.3,17173.2
81.4,17215.5
81.5,17257.8
81.6,17300.1
81.7,17342.5
81.8,17385
81.9,17427.5
82,17470.1
82.1,17512.7
82.2,17555.3
82.3,17598
82.4,17640.8
82.5,17683.6
82.6,17726.5
82.7,17769.4
82.8,17812.4
82.9,17855.4
83,17898.5
83.1,17941.6
83.2,17984.8
83.3,18028
83.4,18071.3
83.5,18114.7
83.6,18158
83.7,18201.5
83.8,18245
83.9,18288.5
84,18332.1
84.1,18375.8
84.2,18419.5
84.3,18463.2
84.4,18507
84.5,18550.9
84.6,18594.8
84.7,18638.7
84.8,18682.8
84.9,18726.8
85,18770.9
85.1,18815.1
85.2,18859.3
85.3,18903.6
85.4,18947.9
85.5,18992.3
85.6,19036.7
85.7,19081.2
85.8,19125.7
85.9,19170.3
86,19214.9
86.1,19259.6
86.2,19304.4
86.3,19349.2
86.4,19394
86.5,19438.9
86.6,19483.8
86.7,19528.8
86.8,19573.9
86.9,19619
87,19664.1
87.1,19709.3
87.2,19754.6
87.3,19799.9
87.4,19845.3
87.5,19890.7
87.6,19936.1
87.7,19981.7
87.8,20027.2
87.9,20072.8
88,20118.5
88.1,20164.2
88.2,20210
88.3,20255.8
88.4,20301.7
88.5,20347.7
88.6,20393.6
88.7,20439.7
88.8,20485.8
88.9,20531.9
89,20578.1
89.1,20624.3
89.2,20670.6
89.3,20717
89.4,20763.4
89.5,20809.8
89.6,20856.3
89.7,20902.9
89.8,20949.5
89.9,20996.1
90,21042.9
90.1,21089.6
90.2,21136.4
90.3,21183.3
90.4,21230.2
90.5,21277.2
90.6,21324.2
90.7,21371.3
90.8,21418.4
90.9,21465.6
91,21512.8
91.1,21560.1
91.2,21607.4
91.3,21654.8
91.4,21702.2
91.5,21749.7
91.6,21797.3
91.7,21844.9
91.8,21892.5
91.9,21940.2
92,21988
92.1,22035.8
92.2,22083.6
92.3,22131.5
92.4,22179.5
92.5,22227.5
92.6,22275.5
92.7,22323.6
92.8,22371.8
92.9,22420
93,22468.3
93.1,22516.6
93.2,22565
93.3,22613.4
93.4,22661.9
93.5,22710.4
93.6,22759
93.7,22807.6
93.8,22856.3
93.9,22905
94,22953.8
94.1,23002.7
94.2,23051.5
94.3,23100.5
94.4,23149.5
94.5,23198.5
94.6,23247.6
94.7,23296.8
94.8,23346
94.9,23395.2
95,23444.5
95.1,23493.9
95.2,23543.3
95.3,23592.8
95.4,23642.3
95.5,23691.8
95.6,23741.4
95.7,23791.1
95.8,23840.8
95.9,23890.6
96,23940.4
96.1,23990.3
96.2,24040.2
96.3,24090.2
96.4,24140.2
96.5,24190.3
96.6,24240.5
96.7,24290.7
96.8,24340.9
96.9,24391.2
97,24441.5
97.1,24491.9
97.2,24542.4
97.3,24592.9
97.4,24643.4
97.5,24694
97.6,24744.7
97.7,24795.4
97.8,24846.1
97.9,24896.9
98,24947.8
98.1,24998.7
98.2,25049.7
98.3,25100.7
98.4,25151.8
98.5,25202.9
98.6,25254.1
98.7,25305.3
98.8,25356.6
98.9,25407.9
99,25459.3
99.1,25510.7
99.2,25562.2
99.3,25613.7
99.4,25665.3
99.5,25717
99.6,25768.7
99.7,25820.4
99.8,25872.2
99.9,25924.1
100,25976
